Referencia,Código categoría,Categoría,Nombre,Descripción,Unidad,Precio coste,Beneficio,Precio venta,Precio fijo
CAB-0001,CAB,Cableado,Cable Cat5e U/UTP LSZH 305 m,"Bobina 305 m, sin apantallar, cubierta LSZH, CPR Eca",bobina,70.0,0.25,87.5,
CAB-0002,CAB,Cableado,Cable Cat5e U/UTP LSZH 305 m,"Bobina 305 m, sin apantallar, cubierta LSZH, CPR Dca",bobina,85.0,0.25,106.25,
CAB-0003,CAB,Cableado,Cable Cat5e U/UTP LSZH 305 m,"Bobina 305 m, sin apantallar, cubierta LSZH, CPR Cca",bobina,105.0,0.25,131.25,
CAB-0004,CAB,Cableado,Cable Cat5e F/UTP LSZH 305 m,"Bobina 305 m, pantallado, cubierta LSZH, CPR Eca",bobina,90.0,0.25,112.5,
CAB-0005,CAB,Cableado,Cable Cat5e F/UTP LSZH 305 m,"Bobina 305 m, pantallado, cubierta LSZH, CPR Dca",bobina,105.0,0.25,131.25,
CAB-0006,CAB,Cableado,Cable Cat5e F/UTP LSZH 305 m,"Bobina 305 m, pantallado, cubierta LSZH, CPR Cca",bobina,125.0,0.25,156.25,
CAB-0007,CAB,Cableado,Cable Cat5e S/FTP LSZH 305 m,"Bobina 305 m, doble apantallado, cubierta LSZH, CPR Eca",bobina,125.0,0.25,156.25,
CAB-0008,CAB,Cableado,Cable Cat5e S/FTP LSZH 305 m,"Bobina 305 m, doble apantallado, cubierta LSZH, CPR Dca",bobina,140.0,0.25,175.0,
CAB-0009,CAB,Cableado,Cable Cat5e S/FTP LSZH 305 m,"Bobina 305 m, doble apantallado, cubierta LSZH, CPR Cca",bobina,160.0,0.25,200.0,
CAB-0010,CAB,Cableado,Cable Cat6 U/UTP LSZH 305 m,"Bobina 305 m, sin apantallar, cubierta LSZH, CPR Eca",bobina,80.5,0.25,100.62,
CAB-0011,CAB,Cableado,Cable Cat6 U/UTP LSZH 305 m,"Bobina 305 m, sin apantallar, cubierta LSZH, CPR Dca",bobina,97.75,0.25,122.19,
CAB-0012,CAB,Cableado,Cable Cat6 U/UTP LSZH 305 m,"Bobina 305 m, sin apantallar, cubierta LSZH, CPR Cca",bobina,120.75,0.25,150.94,
CAB-0013,CAB,Cableado,Cable Cat6 F/UTP LSZH 305 m,"Bobina 305 m, pantallado, cubierta LSZH, CPR Eca",bobina,103.5,0.25,129.38,
CAB-0014,CAB,Cableado,Cable Cat6 F/UTP LSZH 305 m,"Bobina 305 m, pantallado, cubierta LSZH, CPR Dca",bobina,120.75,0.25,150.94,
CAB-0015,CAB,Cableado,Cable Cat6 F/UTP LSZH 305 m,"Bobina 305 m, pantallado, cubierta LSZH, CPR Cca",bobina,143.75,0.25,179.69,
CAB-0016,CAB,Cableado,Cable Cat6 S/FTP LSZH 305 m,"Bobina 305 m, doble apantallado, cubierta LSZH, CPR Eca",bobina,143.75,0.25,179.69,
CAB-0017,CAB,Cableado,Cable Cat6 S/FTP LSZH 305 m,"Bobina 305 m, doble apantallado, cubierta LSZH, CPR Dca",bobina,161.0,0.25,201.25,
CAB-0018,CAB,Cableado,Cable Cat6 S/FTP LSZH 305 m,"Bobina 305 m, doble apantallado, cubierta LSZH, CPR Cca",bobina,184.0,0.25,230.0,
CAB-0019,CAB,Cableado,Cable Cat6A U/UTP LSZH 305 m,"Bobina 305 m, sin apantallar, cubierta LSZH, CPR Eca",bobina,101.5,0.25,126.88,
CAB-0020,CAB,Cableado,Cable Cat6A U/UTP LSZH 305 m,"Bobina 305 m, sin apantallar, cubierta LSZH, CPR Dca",bobina,123.25,0.25,154.06,
CAB-0021,CAB,Cableado,Cable Cat6A U/UTP LSZH 305 m,"Bobina 305 m, sin apantallar, cubierta LSZH, CPR Cca",bobina,152.25,0.25,190.31,
CAB-0022,CAB,Cableado,Cable Cat6A F/UTP LSZH 305 m,"Bobina 305 m, pantallado, cubierta LSZH, CPR Eca",bobina,130.5,0.25,163.12,
CAB-0023,CAB,Cableado,Cable Cat6A F/UTP LSZH 305 m,"Bobina 305 m, pantallado, cubierta LSZH, CPR Dca",bobina,152.25,0.25,190.31,
CAB-0024,CAB,Cableado,Cable Cat6A F/UTP LSZH 305 m,"Bobina 305 m, pantallado, cubierta LSZH, CPR Cca",bobina,181.25,0.25,226.56,
CAB-0025,CAB,Cableado,Cable Cat6A S/FTP LSZH 305 m,"Bobina 305 m, doble apantallado, cubierta LSZH, CPR Eca",bobina,181.25,0.25,226.56,
CAB-0026,CAB,Cableado,Cable Cat6A S/FTP LSZH 305 m,"Bobina 305 m, doble apantallado, cubierta LSZH, CPR Dca",bobina,203.0,0.25,253.75,
CAB-0027,CAB,Cableado,Cable Cat6A S/FTP LSZH 305 m,"Bobina 305 m, doble apantallado, cubierta LSZH, CPR Cca",bobina,232.0,0.25,290.0,
CAB-0028,CAB,Cableado,Cable Cat7 U/UTP LSZH 305 m,"Bobina 305 m, sin apantallar, cubierta LSZH, CPR Eca",bobina,129.5,0.25,161.88,
CAB-0029,CAB,Cableado,Cable Cat7 U/UTP LSZH 305 m,"Bobina 305 m, sin apantallar, cubierta LSZH, CPR Dca",bobina,157.25,0.25,196.56,
CAB-0030,CAB,Cableado,Cable Cat7 U/UTP LSZH 305 m,"Bobina 305 m, sin apantallar, cubierta LSZH, CPR Cca",bobina,194.25,0.25,242.81,
CAB-0031,CAB,Cableado,Cable Cat7 F/UTP LSZH 305 m,"Bobina 305 m, pantallado, cubierta LSZH, CPR Eca",bobina,166.5,0.25,208.12,
CAB-0032,CAB,Cableado,Cable Cat7 F/UTP LSZH 305 m,"Bobina 305 m, pantallado, cubierta LSZH, CPR Dca",bobina,194.25,0.25,242.81,
CAB-0033,CAB,Cableado,Cable Cat7 F/UTP LSZH 305 m,"Bobina 305 m, pantallado, cubierta LSZH, CPR Cca",bobina,231.25,0.25,289.06,
CAB-0034,CAB,Cableado,Cable Cat7 S/FTP LSZH 305 m,"Bobina 305 m, doble apantallado, cubierta LSZH, CPR Eca",bobina,231.25,0.25,289.06,
CAB-0035,CAB,Cableado,Cable Cat7 S/FTP LSZH 305 m,"Bobina 305 m, doble apantallado, cubierta LSZH, CPR Dca",bobina,259.0,0.25,323.75,
CAB-0036,CAB,Cableado,Cable Cat7 S/FTP LSZH 305 m,"Bobina 305 m, doble apantallado, cubierta LSZH, CPR Cca",bobina,296.0,0.25,370.0,
CAB-0037,CAB,Cableado,Cable Cat8.1 U/UTP LSZH 305 m,"Bobina 305 m, sin apantallar, cubierta LSZH, CPR Eca",bobina,168.0,0.25,210.0,
CAB-0038,CAB,Cableado,Cable Cat8.1 U/UTP LSZH 305 m,"Bobina 305 m, sin apantallar, cubierta LSZH, CPR Dca",bobina,204.0,0.25,255.0,
CAB-0039,CAB,Cableado,Cable Cat8.1 U/UTP LSZH 305 m,"Bobina 305 m, sin apantallar, cubierta LSZH, CPR Cca",bobina,252.0,0.25,315.0,
CAB-0040,CAB,Cableado,Cable Cat8.1 F/UTP LSZH 305 m,"Bobina 305 m, pantallado, cubierta LSZH, CPR Eca",bobina,216.0,0.25,270.0,
CAB-0041,CAB,Cableado,Cable Cat8.1 F/UTP LSZH 305 m,"Bobina 305 m, pantallado, cubierta LSZH, CPR Dca",bobina,252.0,0.25,315.0,
CAB-0042,CAB,Cableado,Cable Cat8.1 F/UTP LSZH 305 m,"Bobina 305 m, pantallado, cubierta LSZH, CPR Cca",bobina,300.0,0.25,375.0,
CAB-0043,CAB,Cableado,Cable Cat8.1 S/FTP LSZH 305 m,"Bobina 305 m, doble apantallado, cubierta LSZH, CPR Eca",bobina,300.0,0.25,375.0,
CAB-0044,CAB,Cableado,Cable Cat8.1 S/FTP LSZH 305 m,"Bobina 305 m, doble apantallado, cubierta LSZH, CPR Dca",bobina,336.0,0.25,420.0,
CAB-0045,CAB,Cableado,Cable Cat8.1 S/FTP LSZH 305 m,"Bobina 305 m, doble apantallado, cubierta LSZH, CPR Cca",bobina,384.0,0.25,480.0,
CAB-0046,CAB,Cableado,Cable exterior PE Cat6 U/UTP 305 m,"Bobina 305 m, cubierta PE UV (exterior), para canalizaciones exteriores",bobina,95.0,0.28,121.6,
CAB-0047,CAB,Cableado,Cable exterior PE Cat6 F/UTP 305 m,"Bobina 305 m, cubierta PE UV (exterior), para canalizaciones exteriores",bobina,125.0,0.28,160.0,
CAB-0048,CAB,Cableado,Cable exterior PE Cat6A F/UTP 305 m,"Bobina 305 m, cubierta PE UV (exterior), para canalizaciones exteriores",bobina,175.0,0.28,224.0,
CAB-0049,CAB,Cableado,Cable exterior PE Cat6A S/FTP 305 m,"Bobina 305 m, cubierta PE UV (exterior), para canalizaciones exteriores",bobina,235.0,0.28,300.8,
CAB-0050,CAB,Cableado,Cable flexible multifilar Cat6 U/UTP 100 m,"Rollo 100 m, conductor multifilar, recomendado para latiguillos",rollo,35.0,0.3,45.5,
CAB-0051,CAB,Cableado,Cable flexible multifilar Cat6 F/UTP 100 m,"Rollo 100 m, conductor multifilar, recomendado para latiguillos",rollo,52.0,0.3,67.6,
CAB-0052,CAB,Cableado,Cable flexible multifilar Cat6A F/UTP 100 m,"Rollo 100 m, conductor multifilar, recomendado para latiguillos",rollo,65.0,0.3,84.5,
CAB-0053,CAB,Cableado,Cable flexible multifilar Cat6A S/FTP 100 m,"Rollo 100 m, conductor multifilar, recomendado para latiguillos",rollo,85.0,0.3,110.5,
CAB-0054,CAB,Cableado,Latiguillo Cat6 UTP 0.25 m,"RJ45-RJ45, snagless, color gris",ud,0.82,0.45,1.19,
CAB-0055,CAB,Cableado,Latiguillo Cat6 UTP 0.5 m,"RJ45-RJ45, snagless, color gris",ud,0.89,0.45,1.29,
CAB-0056,CAB,Cableado,Latiguillo Cat6 UTP 1 m,"RJ45-RJ45, snagless, color gris",ud,1.03,0.45,1.49,
CAB-0057,CAB,Cableado,Latiguillo Cat6 UTP 1.5 m,"RJ45-RJ45, snagless, color gris",ud,1.17,0.45,1.7,
CAB-0058,CAB,Cableado,Latiguillo Cat6 UTP 2 m,"RJ45-RJ45, snagless, color gris",ud,1.31,0.45,1.9,
CAB-0059,CAB,Cableado,Latiguillo Cat6 UTP 3 m,"RJ45-RJ45, snagless, color gris",ud,1.59,0.45,2.31,
CAB-0060,CAB,Cableado,Latiguillo Cat6 UTP 5 m,"RJ45-RJ45, snagless, color gris",ud,2.15,0.45,3.12,
CAB-0061,CAB,Cableado,Latiguillo Cat6 UTP 7 m,"RJ45-RJ45, snagless, color gris",ud,2.71,0.45,3.93,
CAB-0062,CAB,Cableado,Latiguillo Cat6 UTP 10 m,"RJ45-RJ45, snagless, color gris",ud,3.55,0.45,5.15,
CAB-0063,CAB,Cableado,Latiguillo Cat6 UTP 15 m,"RJ45-RJ45, snagless, color gris",ud,4.95,0.45,7.18,
CAB-0064,CAB,Cableado,Latiguillo Cat6 UTP 20 m,"RJ45-RJ45, snagless, color gris",ud,6.35,0.45,9.21,
CAB-0065,CAB,Cableado,Latiguillo Cat6 FTP 0.25 m,"RJ45-RJ45, snagless, color gris",ud,1.17,0.45,1.7,
CAB-0066,CAB,Cableado,Latiguillo Cat6 FTP 0.5 m,"RJ45-RJ45, snagless, color gris",ud,1.24,0.45,1.8,
CAB-0067,CAB,Cableado,Latiguillo Cat6 FTP 1 m,"RJ45-RJ45, snagless, color gris",ud,1.38,0.45,2.0,
CAB-0068,CAB,Cableado,Latiguillo Cat6 FTP 1.5 m,"RJ45-RJ45, snagless, color gris",ud,1.52,0.45,2.2,
CAB-0069,CAB,Cableado,Latiguillo Cat6 FTP 2 m,"RJ45-RJ45, snagless, color gris",ud,1.66,0.45,2.41,
CAB-0070,CAB,Cableado,Latiguillo Cat6 FTP 3 m,"RJ45-RJ45, snagless, color gris",ud,1.94,0.45,2.81,
CAB-0071,CAB,Cableado,Latiguillo Cat6 FTP 5 m,"RJ45-RJ45, snagless, color gris",ud,2.5,0.45,3.62,
CAB-0072,CAB,Cableado,Latiguillo Cat6 FTP 7 m,"RJ45-RJ45, snagless, color gris",ud,3.06,0.45,4.44,
CAB-0073,CAB,Cableado,Latiguillo Cat6 FTP 10 m,"RJ45-RJ45, snagless, color gris",ud,3.9,0.45,5.65,
CAB-0074,CAB,Cableado,Latiguillo Cat6 FTP 15 m,"RJ45-RJ45, snagless, color gris",ud,5.3,0.45,7.68,
CAB-0075,CAB,Cableado,Latiguillo Cat6 FTP 20 m,"RJ45-RJ45, snagless, color gris",ud,6.7,0.45,9.71,
CAB-0076,CAB,Cableado,Latiguillo Cat6A UTP 0.25 m,"RJ45-RJ45, snagless, color gris",ud,1.17,0.45,1.7,
CAB-0077,CAB,Cableado,Latiguillo Cat6A UTP 0.5 m,"RJ45-RJ45, snagless, color gris",ud,1.24,0.45,1.8,
CAB-0078,CAB,Cableado,Latiguillo Cat6A UTP 1 m,"RJ45-RJ45, snagless, color gris",ud,1.38,0.45,2.0,
CAB-0079,CAB,Cableado,Latiguillo Cat6A UTP 1.5 m,"RJ45-RJ45, snagless, color gris",ud,1.52,0.45,2.2,
CAB-0080,CAB,Cableado,Latiguillo Cat6A UTP 2 m,"RJ45-RJ45, snagless, color gris",ud,1.66,0.45,2.41,
CAB-0081,CAB,Cableado,Latiguillo Cat6A UTP 3 m,"RJ45-RJ45, snagless, color gris",ud,1.94,0.45,2.81,
CAB-0082,CAB,Cableado,Latiguillo Cat6A UTP 5 m,"RJ45-RJ45, snagless, color gris",ud,2.5,0.45,3.62,
CAB-0083,CAB,Cableado,Latiguillo Cat6A UTP 7 m,"RJ45-RJ45, snagless, color gris",ud,3.06,0.45,4.44,
CAB-0084,CAB,Cableado,Latiguillo Cat6A UTP 10 m,"RJ45-RJ45, snagless, color gris",ud,3.9,0.45,5.65,
CAB-0085,CAB,Cableado,Latiguillo Cat6A UTP 15 m,"RJ45-RJ45, snagless, color gris",ud,5.3,0.45,7.68,
CAB-0086,CAB,Cableado,Latiguillo Cat6A UTP 20 m,"RJ45-RJ45, snagless, color gris",ud,6.7,0.45,9.71,
CAB-0087,CAB,Cableado,Latiguillo Cat6A FTP 0.25 m,"RJ45-RJ45, snagless, color gris",ud,1.52,0.45,2.2,
CAB-0088,CAB,Cableado,Latiguillo Cat6A FTP 0.5 m,"RJ45-RJ45, snagless, color gris",ud,1.59,0.45,2.31,
CAB-0089,CAB,Cableado,Latiguillo Cat6A FTP 1 m,"RJ45-RJ45, snagless, color gris",ud,1.73,0.45,2.51,
CAB-0090,CAB,Cableado,Latiguillo Cat6A FTP 1.5 m,"RJ45-RJ45, snagless, color gris",ud,1.87,0.45,2.71,
CAB-0091,CAB,Cableado,Latiguillo Cat6A FTP 2 m,"RJ45-RJ45, snagless, color gris",ud,2.01,0.45,2.91,
CAB-0092,CAB,Cableado,Latiguillo Cat6A FTP 3 m,"RJ45-RJ45, snagless, color gris",ud,2.29,0.45,3.32,
CAB-0093,CAB,Cableado,Latiguillo Cat6A FTP 5 m,"RJ45-RJ45, snagless, color gris",ud,2.85,0.45,4.13,
CAB-0094,CAB,Cableado,Latiguillo Cat6A FTP 7 m,"RJ45-RJ45, snagless, color gris",ud,3.41,0.45,4.94,
CAB-0095,CAB,Cableado,Latiguillo Cat6A FTP 10 m,"RJ45-RJ45, snagless, color gris",ud,4.25,0.45,6.16,
CAB-0096,CAB,Cableado,Latiguillo Cat6A FTP 15 m,"RJ45-RJ45, snagless, color gris",ud,5.65,0.45,8.19,
CAB-0097,CAB,Cableado,Latiguillo Cat6A FTP 20 m,"RJ45-RJ45, snagless, color gris",ud,7.05,0.45,10.22,
CAB-0098,CAB,Cableado,Latiguillo Cat6 UTP 2 m (rojo),"RJ45-RJ45, 2 m, color rojo",ud,2.4,0.45,3.48,
CAB-0099,CAB,Cableado,Latiguillo Cat6 UTP 2 m (azul),"RJ45-RJ45, 2 m, color azul",ud,2.4,0.45,3.48,
CAB-0100,CAB,Cableado,Latiguillo Cat6 UTP 2 m (verde),"RJ45-RJ45, 2 m, color verde",ud,2.4,0.45,3.48,
CAB-0101,CAB,Cableado,Latiguillo Cat6 UTP 2 m (amarillo),"RJ45-RJ45, 2 m, color amarillo",ud,2.4,0.45,3.48,
CAB-0102,CAB,Cableado,Latiguillo Cat6 UTP 2 m (blanco),"RJ45-RJ45, 2 m, color blanco",ud,2.4,0.45,3.48,
CAB-0103,CAB,Cableado,Latiguillo Cat6 UTP 2 m (negro),"RJ45-RJ45, 2 m, color negro",ud,2.4,0.45,3.48,
CAB-0104,CAB,Cableado,Patch cord FO OM3 LC-LC dúplex 0.5 m,"Dúplex, conectores pulidos UPC, para SFP/ODF",ud,6.88,0.45,9.98,
CAB-0105,CAB,Cableado,Patch cord FO OM3 LC-LC dúplex 1 m,"Dúplex, conectores pulidos UPC, para SFP/ODF",ud,7.25,0.45,10.51,
CAB-0106,CAB,Cableado,Patch cord FO OM3 LC-LC dúplex 2 m,"Dúplex, conectores pulidos UPC, para SFP/ODF",ud,8.0,0.45,11.6,
CAB-0107,CAB,Cableado,Patch cord FO OM3 LC-LC dúplex 3 m,"Dúplex, conectores pulidos UPC, para SFP/ODF",ud,8.75,0.45,12.69,
CAB-0108,CAB,Cableado,Patch cord FO OM3 LC-LC dúplex 5 m,"Dúplex, conectores pulidos UPC, para SFP/ODF",ud,10.25,0.45,14.86,
CAB-0109,CAB,Cableado,Patch cord FO OM3 LC-LC dúplex 10 m,"Dúplex, conectores pulidos UPC, para SFP/ODF",ud,14.0,0.45,20.3,
CAB-0110,CAB,Cableado,Patch cord FO OM3 LC-LC dúplex 15 m,"Dúplex, conectores pulidos UPC, para SFP/ODF",ud,17.75,0.45,25.74,
CAB-0111,CAB,Cableado,Patch cord FO OM3 LC-LC dúplex 20 m,"Dúplex, conectores pulidos UPC, para SFP/ODF",ud,21.5,0.45,31.18,
CAB-0112,CAB,Cableado,Patch cord FO OM3 SC-SC dúplex 0.5 m,"Dúplex, conectores pulidos UPC, para SFP/ODF",ud,7.47,0.45,10.83,
CAB-0113,CAB,Cableado,Patch cord FO OM3 SC-SC dúplex 1 m,"Dúplex, conectores pulidos UPC, para SFP/ODF",ud,7.85,0.45,11.38,
CAB-0114,CAB,Cableado,Patch cord FO OM3 SC-SC dúplex 2 m,"Dúplex, conectores pulidos UPC, para SFP/ODF",ud,8.6,0.45,12.47,
CAB-0115,CAB,Cableado,Patch cord FO OM3 SC-SC dúplex 3 m,"Dúplex, conectores pulidos UPC, para SFP/ODF",ud,9.35,0.45,13.56,
CAB-0116,CAB,Cableado,Patch cord FO OM3 SC-SC dúplex 5 m,"Dúplex, conectores pulidos UPC, para SFP/ODF",ud,10.85,0.45,15.73,
CAB-0117,CAB,Cableado,Patch cord FO OM3 SC-SC dúplex 10 m,"Dúplex, conectores pulidos UPC, para SFP/ODF",ud,14.6,0.45,21.17,
CAB-0118,CAB,Cableado,Patch cord FO OM3 SC-SC dúplex 15 m,"Dúplex, conectores pulidos UPC, para SFP/ODF",ud,18.35,0.45,26.61,
CAB-0119,CAB,Cableado,Patch cord FO OM3 SC-SC dúplex 20 m,"Dúplex, conectores pulidos UPC, para SFP/ODF",ud,22.1,0.45,32.05,
CAB-0120,CAB,Cableado,Patch cord FO OM3 LC-SC dúplex 0.5 m,"Dúplex, conectores pulidos UPC, para SFP/ODF",ud,7.47,0.45,10.83,
CAB-0121,CAB,Cableado,Patch cord FO OM3 LC-SC dúplex 1 m,"Dúplex, conectores pulidos UPC, para SFP/ODF",ud,7.85,0.45,11.38,
CAB-0122,CAB,Cableado,Patch cord FO OM3 LC-SC dúplex 2 m,"Dúplex, conectores pulidos UPC, para SFP/ODF",ud,8.6,0.45,12.47,
CAB-0123,CAB,Cableado,Patch cord FO OM3 LC-SC dúplex 3 m,"Dúplex, conectores pulidos UPC, para SFP/ODF",ud,9.35,0.45,13.56,
CAB-0124,CAB,Cableado,Patch cord FO OM3 LC-SC dúplex 5 m,"Dúplex, conectores pulidos UPC, para SFP/ODF",ud,10.85,0.45,15.73,
CAB-0125,CAB,Cableado,Patch cord FO OM3 LC-SC dúplex 10 m,"Dúplex, conectores pulidos UPC, para SFP/ODF",ud,14.6,0.45,21.17,
CAB-0126,CAB,Cableado,Patch cord FO OM3 LC-SC dúplex 15 m,"Dúplex, conectores pulidos UPC, para SFP/ODF",ud,18.35,0.45,26.61,
CAB-0127,CAB,Cableado,Patch cord FO OM3 LC-SC dúplex 20 m,"Dúplex, conectores pulidos UPC, para SFP/ODF",ud,22.1,0.45,32.05,
CAB-0128,CAB,Cableado,Patch cord FO OM4 LC-LC dúplex 0.5 m,"Dúplex, conectores pulidos UPC, para SFP/ODF",ud,8.38,0.45,12.15,
CAB-0129,CAB,Cableado,Patch cord FO OM4 LC-LC dúplex 1 m,"Dúplex, conectores pulidos UPC, para SFP/ODF",ud,8.75,0.45,12.69,
CAB-0130,CAB,Cableado,Patch cord FO OM4 LC-LC dúplex 2 m,"Dúplex, conectores pulidos UPC, para SFP/ODF",ud,9.5,0.45,13.78,
CAB-0131,CAB,Cableado,Patch cord FO OM4 LC-LC dúplex 3 m,"Dúplex, conectores pulidos UPC, para SFP/ODF",ud,10.25,0.45,14.86,
CAB-0132,CAB,Cableado,Patch cord FO OM4 LC-LC dúplex 5 m,"Dúplex, conectores pulidos UPC, para SFP/ODF",ud,11.75,0.45,17.04,
CAB-0133,CAB,Cableado,Patch cord FO OM4 LC-LC dúplex 10 m,"Dúplex, conectores pulidos UPC, para SFP/ODF",ud,15.5,0.45,22.47,
CAB-0134,CAB,Cableado,Patch cord FO OM4 LC-LC dúplex 15 m,"Dúplex, conectores pulidos UPC, para SFP/ODF",ud,19.25,0.45,27.91,
CAB-0135,CAB,Cableado,Patch cord FO OM4 LC-LC dúplex 20 m,"Dúplex, conectores pulidos UPC, para SFP/ODF",ud,23.0,0.45,33.35,
CAB-0136,CAB,Cableado,Patch cord FO OM4 SC-SC dúplex 0.5 m,"Dúplex, conectores pulidos UPC, para SFP/ODF",ud,8.97,0.45,13.01,
CAB-0137,CAB,Cableado,Patch cord FO OM4 SC-SC dúplex 1 m,"Dúplex, conectores pulidos UPC, para SFP/ODF",ud,9.35,0.45,13.56,
CAB-0138,CAB,Cableado,Patch cord FO OM4 SC-SC dúplex 2 m,"Dúplex, conectores pulidos UPC, para SFP/ODF",ud,10.1,0.45,14.64,
CAB-0139,CAB,Cableado,Patch cord FO OM4 SC-SC dúplex 3 m,"Dúplex, conectores pulidos UPC, para SFP/ODF",ud,10.85,0.45,15.73,
CAB-0140,CAB,Cableado,Patch cord FO OM4 SC-SC dúplex 5 m,"Dúplex, conectores pulidos UPC, para SFP/ODF",ud,12.35,0.45,17.91,
CAB-0141,CAB,Cableado,Patch cord FO OM4 SC-SC dúplex 10 m,"Dúplex, conectores pulidos UPC, para SFP/ODF",ud,16.1,0.45,23.35,
CAB-0142,CAB,Cableado,Patch cord FO OM4 SC-SC dúplex 15 m,"Dúplex, conectores pulidos UPC, para SFP/ODF",ud,19.85,0.45,28.78,
CAB-0143,CAB,Cableado,Patch cord FO OM4 SC-SC dúplex 20 m,"Dúplex, conectores pulidos UPC, para SFP/ODF",ud,23.6,0.45,34.22,
CAB-0144,CAB,Cableado,Patch cord FO OM4 LC-SC dúplex 0.5 m,"Dúplex, conectores pulidos UPC, para SFP/ODF",ud,8.97,0.45,13.01,
CAB-0145,CAB,Cableado,Patch cord FO OM4 LC-SC dúplex 1 m,"Dúplex, conectores pulidos UPC, para SFP/ODF",ud,9.35,0.45,13.56,
CAB-0146,CAB,Cableado,Patch cord FO OM4 LC-SC dúplex 2 m,"Dúplex, conectores pulidos UPC, para SFP/ODF",ud,10.1,0.45,14.64,
CAB-0147,CAB,Cableado,Patch cord FO OM4 LC-SC dúplex 3 m,"Dúplex, conectores pulidos UPC, para SFP/ODF",ud,10.85,0.45,15.73,
CAB-0148,CAB,Cableado,Patch cord FO OM4 LC-SC dúplex 5 m,"Dúplex, conectores pulidos UPC, para SFP/ODF",ud,12.35,0.45,17.91,
CAB-0149,CAB,Cableado,Patch cord FO OM4 LC-SC dúplex 10 m,"Dúplex, conectores pulidos UPC, para SFP/ODF",ud,16.1,0.45,23.35,
CAB-0150,CAB,Cableado,Patch cord FO OM4 LC-SC dúplex 15 m,"Dúplex, conectores pulidos UPC, para SFP/ODF",ud,19.85,0.45,28.78,
CAB-0151,CAB,Cableado,Patch cord FO OM4 LC-SC dúplex 20 m,"Dúplex, conectores pulidos UPC, para SFP/ODF",ud,23.6,0.45,34.22,
CAB-0152,CAB,Cableado,Patch cord FO OS2 LC-LC dúplex 0.5 m,"Dúplex, conectores pulidos UPC, para SFP/ODF",ud,7.88,0.45,11.43,
CAB-0153,CAB,Cableado,Patch cord FO OS2 LC-LC dúplex 1 m,"Dúplex, conectores pulidos UPC, para SFP/ODF",ud,8.25,0.45,11.96,
CAB-0154,CAB,Cableado,Patch cord FO OS2 LC-LC dúplex 2 m,"Dúplex, conectores pulidos UPC, para SFP/ODF",ud,9.0,0.45,13.05,
CAB-0155,CAB,Cableado,Patch cord FO OS2 LC-LC dúplex 3 m,"Dúplex, conectores pulidos UPC, para SFP/ODF",ud,9.75,0.45,14.14,
CAB-0156,CAB,Cableado,Patch cord FO OS2 LC-LC dúplex 5 m,"Dúplex, conectores pulidos UPC, para SFP/ODF",ud,11.25,0.45,16.31,
CAB-0157,CAB,Cableado,Patch cord FO OS2 LC-LC dúplex 10 m,"Dúplex, conectores pulidos UPC, para SFP/ODF",ud,15.0,0.45,21.75,
CAB-0158,CAB,Cableado,Patch cord FO OS2 LC-LC dúplex 15 m,"Dúplex, conectores pulidos UPC, para SFP/ODF",ud,18.75,0.45,27.19,
CAB-0159,CAB,Cableado,Patch cord FO OS2 LC-LC dúplex 20 m,"Dúplex, conectores pulidos UPC, para SFP/ODF",ud,22.5,0.45,32.62,
CAB-0160,CAB,Cableado,Patch cord FO OS2 SC-SC dúplex 0.5 m,"Dúplex, conectores pulidos UPC, para SFP/ODF",ud,8.47,0.45,12.28,
CAB-0161,CAB,Cableado,Patch cord FO OS2 SC-SC dúplex 1 m,"Dúplex, conectores pulidos UPC, para SFP/ODF",ud,8.85,0.45,12.83,
CAB-0162,CAB,Cableado,Patch cord FO OS2 SC-SC dúplex 2 m,"Dúplex, conectores pulidos UPC, para SFP/ODF",ud,9.6,0.45,13.92,
CAB-0163,CAB,Cableado,Patch cord FO OS2 SC-SC dúplex 3 m,"Dúplex, conectores pulidos UPC, para SFP/ODF",ud,10.35,0.45,15.01,
CAB-0164,CAB,Cableado,Patch cord FO OS2 SC-SC dúplex 5 m,"Dúplex, conectores pulidos UPC, para SFP/ODF",ud,11.85,0.45,17.18,
CAB-0165,CAB,Cableado,Patch cord FO OS2 SC-SC dúplex 10 m,"Dúplex, conectores pulidos UPC, para SFP/ODF",ud,15.6,0.45,22.62,
CAB-0166,CAB,Cableado,Patch cord FO OS2 SC-SC dúplex 15 m,"Dúplex, conectores pulidos UPC, para SFP/ODF",ud,19.35,0.45,28.06,
CAB-0167,CAB,Cableado,Patch cord FO OS2 SC-SC dúplex 20 m,"Dúplex, conectores pulidos UPC, para SFP/ODF",ud,23.1,0.45,33.5,
CAB-0168,CAB,Cableado,Patch cord FO OS2 LC-SC dúplex 0.5 m,"Dúplex, conectores pulidos UPC, para SFP/ODF",ud,8.47,0.45,12.28,
CAB-0169,CAB,Cableado,Patch cord FO OS2 LC-SC dúplex 1 m,"Dúplex, conectores pulidos UPC, para SFP/ODF",ud,8.85,0.45,12.83,
CAB-0170,CAB,Cableado,Patch cord FO OS2 LC-SC dúplex 2 m,"Dúplex, conectores pulidos UPC, para SFP/ODF",ud,9.6,0.45,13.92,
CAB-0171,CAB,Cableado,Patch cord FO OS2 LC-SC dúplex 3 m,"Dúplex, conectores pulidos UPC, para SFP/ODF",ud,10.35,0.45,15.01,
CAB-0172,CAB,Cableado,Patch cord FO OS2 LC-SC dúplex 5 m,"Dúplex, conectores pulidos UPC, para SFP/ODF",ud,11.85,0.45,17.18,
CAB-0173,CAB,Cableado,Patch cord FO OS2 LC-SC dúplex 10 m,"Dúplex, conectores pulidos UPC, para SFP/ODF",ud,15.6,0.45,22.62,
CAB-0174,CAB,Cableado,Patch cord FO OS2 LC-SC dúplex 15 m,"Dúplex, conectores pulidos UPC, para SFP/ODF",ud,19.35,0.45,28.06,
CAB-0175,CAB,Cableado,Patch cord FO OS2 LC-SC dúplex 20 m,"Dúplex, conectores pulidos UPC, para SFP/ODF",ud,23.1,0.45,33.5,
CAB-0176,CAB,Cableado,Troncal FO interior OM3 6F 100 m,"Bobina 100 m, LSZH, interior, para backbone",bobina,176.0,0.3,228.8,
CAB-0177,CAB,Cableado,Troncal FO interior OM3 12F 100 m,"Bobina 100 m, LSZH, interior, para backbone",bobina,212.0,0.3,275.6,
CAB-0178,CAB,Cableado,Troncal FO interior OM3 24F 100 m,"Bobina 100 m, LSZH, interior, para backbone",bobina,284.0,0.3,369.2,
CAB-0179,CAB,Cableado,Troncal FO interior OM3 48F 100 m,"Bobina 100 m, LSZH, interior, para backbone",bobina,428.0,0.3,556.4,
CAB-0180,CAB,Cableado,Troncal FO interior OM4 6F 100 m,"Bobina 100 m, LSZH, interior, para backbone",bobina,193.6,0.3,251.68,
CAB-0181,CAB,Cableado,Troncal FO interior OM4 12F 100 m,"Bobina 100 m, LSZH, interior, para backbone",bobina,233.2,0.3,303.16,
CAB-0182,CAB,Cableado,Troncal FO interior OM4 24F 100 m,"Bobina 100 m, LSZH, interior, para backbone",bobina,312.4,0.3,406.12,
CAB-0183,CAB,Cableado,Troncal FO interior OM4 48F 100 m,"Bobina 100 m, LSZH, interior, para backbone",bobina,470.8,0.3,612.04,
CAB-0184,CAB,Cableado,Troncal FO interior OS2 6F 100 m,"Bobina 100 m, LSZH, interior, para backbone",bobina,202.4,0.3,263.12,
CAB-0185,CAB,Cableado,Troncal FO interior OS2 12F 100 m,"Bobina 100 m, LSZH, interior, para backbone",bobina,243.8,0.3,316.94,
CAB-0186,CAB,Cableado,Troncal FO interior OS2 24F 100 m,"Bobina 100 m, LSZH, interior, para backbone",bobina,326.6,0.3,424.58,
CAB-0187,CAB,Cableado,Troncal FO interior OS2 48F 100 m,"Bobina 100 m, LSZH, interior, para backbone",bobina,492.2,0.3,639.86,
CAN-0001,CAN,Canalizaciones,Canaleta PVC 20x10 (tramo 2 m),Con tapa; incluye film protector,ud,1.1,0.4,1.54,
CAN-0002,CAN,Canalizaciones,Canaleta PVC 30x15 (tramo 2 m),Con tapa; incluye film protector,ud,1.6,0.4,2.24,
CAN-0003,CAN,Canalizaciones,Canaleta PVC 40x20 (tramo 2 m),Con tapa; incluye film protector,ud,2.4,0.4,3.36,
CAN-0004,CAN,Canalizaciones,Canaleta PVC 60x40 (tramo 2 m),Con tapa; incluye film protector,ud,4.6,0.4,6.44,
CAN-0005,CAN,Canalizaciones,Canaleta PVC 80x50 (tramo 2 m),Con tapa; incluye film protector,ud,6.8,0.4,9.52,
CAN-0006,CAN,Canalizaciones,Canaleta PVC 100x50 (tramo 2 m),Con tapa; incluye film protector,ud,8.4,0.4,11.76,
CAN-0007,CAN,Canalizaciones,Canaleta PVC 150x60 (tramo 2 m),Con tapa; incluye film protector,ud,13.5,0.4,18.9,
CAN-0008,CAN,Canalizaciones,Codo interior canaleta 20x10,Accesorio PVC; mismo fabricante/serie que la canaleta,ud,1.1,0.5,1.65,
CAN-0009,CAN,Canalizaciones,Codo exterior canaleta 20x10,Accesorio PVC; mismo fabricante/serie que la canaleta,ud,1.1,0.5,1.65,
CAN-0010,CAN,Canalizaciones,Codo plano canaleta 20x10,Accesorio PVC; mismo fabricante/serie que la canaleta,ud,1.1,0.5,1.65,
CAN-0011,CAN,Canalizaciones,T derivación canaleta 20x10,Accesorio PVC; mismo fabricante/serie que la canaleta,ud,1.6,0.5,2.4,
CAN-0012,CAN,Canalizaciones,Unión canaleta 20x10,Accesorio PVC; mismo fabricante/serie que la canaleta,ud,0.6,0.5,0.9,
CAN-0013,CAN,Canalizaciones,Tapón final canaleta 20x10,Accesorio PVC; mismo fabricante/serie que la canaleta,ud,0.55,0.5,0.83,
CAN-0014,CAN,Canalizaciones,Reducción canaleta 20x10,Accesorio PVC; mismo fabricante/serie que la canaleta,ud,1.9,0.5,2.85,
CAN-0015,CAN,Canalizaciones,Codo interior canaleta 30x15,Accesorio PVC; mismo fabricante/serie que la canaleta,ud,1.1,0.5,1.65,
CAN-0016,CAN,Canalizaciones,Codo exterior canaleta 30x15,Accesorio PVC; mismo fabricante/serie que la canaleta,ud,1.1,0.5,1.65,
CAN-0017,CAN,Canalizaciones,Codo plano canaleta 30x15,Accesorio PVC; mismo fabricante/serie que la canaleta,ud,1.1,0.5,1.65,
CAN-0018,CAN,Canalizaciones,T derivación canaleta 30x15,Accesorio PVC; mismo fabricante/serie que la canaleta,ud,1.6,0.5,2.4,
CAN-0019,CAN,Canalizaciones,Unión canaleta 30x15,Accesorio PVC; mismo fabricante/serie que la canaleta,ud,0.6,0.5,0.9,
CAN-0020,CAN,Canalizaciones,Tapón final canaleta 30x15,Accesorio PVC; mismo fabricante/serie que la canaleta,ud,0.55,0.5,0.83,
CAN-0021,CAN,Canalizaciones,Reducción canaleta 30x15,Accesorio PVC; mismo fabricante/serie que la canaleta,ud,1.9,0.5,2.85,
CAN-0022,CAN,Canalizaciones,Codo interior canaleta 40x20,Accesorio PVC; mismo fabricante/serie que la canaleta,ud,1.1,0.5,1.65,
CAN-0023,CAN,Canalizaciones,Codo exterior canaleta 40x20,Accesorio PVC; mismo fabricante/serie que la canaleta,ud,1.1,0.5,1.65,
CAN-0024,CAN,Canalizaciones,Codo plano canaleta 40x20,Accesorio PVC; mismo fabricante/serie que la canaleta,ud,1.1,0.5,1.65,
CAN-0025,CAN,Canalizaciones,T derivación canaleta 40x20,Accesorio PVC; mismo fabricante/serie que la canaleta,ud,1.6,0.5,2.4,
CAN-0026,CAN,Canalizaciones,Unión canaleta 40x20,Accesorio PVC; mismo fabricante/serie que la canaleta,ud,0.6,0.5,0.9,
CAN-0027,CAN,Canalizaciones,Tapón final canaleta 40x20,Accesorio PVC; mismo fabricante/serie que la canaleta,ud,0.55,0.5,0.83,
CAN-0028,CAN,Canalizaciones,Reducción canaleta 40x20,Accesorio PVC; mismo fabricante/serie que la canaleta,ud,1.9,0.5,2.85,
CAN-0029,CAN,Canalizaciones,Codo interior canaleta 60x40,Accesorio PVC; mismo fabricante/serie que la canaleta,ud,1.1,0.5,1.65,
CAN-0030,CAN,Canalizaciones,Codo exterior canaleta 60x40,Accesorio PVC; mismo fabricante/serie que la canaleta,ud,1.1,0.5,1.65,
CAN-0031,CAN,Canalizaciones,Codo plano canaleta 60x40,Accesorio PVC; mismo fabricante/serie que la canaleta,ud,1.1,0.5,1.65,
CAN-0032,CAN,Canalizaciones,T derivación canaleta 60x40,Accesorio PVC; mismo fabricante/serie que la canaleta,ud,1.6,0.5,2.4,
CAN-0033,CAN,Canalizaciones,Unión canaleta 60x40,Accesorio PVC; mismo fabricante/serie que la canaleta,ud,0.6,0.5,0.9,
CAN-0034,CAN,Canalizaciones,Tapón final canaleta 60x40,Accesorio PVC; mismo fabricante/serie que la canaleta,ud,0.55,0.5,0.83,
CAN-0035,CAN,Canalizaciones,Reducción canaleta 60x40,Accesorio PVC; mismo fabricante/serie que la canaleta,ud,1.9,0.5,2.85,
CAN-0036,CAN,Canalizaciones,Codo interior canaleta 80x50,Accesorio PVC; mismo fabricante/serie que la canaleta,ud,1.1,0.5,1.65,
CAN-0037,CAN,Canalizaciones,Codo exterior canaleta 80x50,Accesorio PVC; mismo fabricante/serie que la canaleta,ud,1.1,0.5,1.65,
CAN-0038,CAN,Canalizaciones,Codo plano canaleta 80x50,Accesorio PVC; mismo fabricante/serie que la canaleta,ud,1.1,0.5,1.65,
CAN-0039,CAN,Canalizaciones,T derivación canaleta 80x50,Accesorio PVC; mismo fabricante/serie que la canaleta,ud,1.6,0.5,2.4,
CAN-0040,CAN,Canalizaciones,Unión canaleta 80x50,Accesorio PVC; mismo fabricante/serie que la canaleta,ud,0.6,0.5,0.9,
CAN-0041,CAN,Canalizaciones,Tapón final canaleta 80x50,Accesorio PVC; mismo fabricante/serie que la canaleta,ud,0.55,0.5,0.83,
CAN-0042,CAN,Canalizaciones,Reducción canaleta 80x50,Accesorio PVC; mismo fabricante/serie que la canaleta,ud,1.9,0.5,2.85,
CAN-0043,CAN,Canalizaciones,Codo interior canaleta 100x50,Accesorio PVC; mismo fabricante/serie que la canaleta,ud,1.23,0.5,1.84,
CAN-0044,CAN,Canalizaciones,Codo exterior canaleta 100x50,Accesorio PVC; mismo fabricante/serie que la canaleta,ud,1.23,0.5,1.84,
CAN-0045,CAN,Canalizaciones,Codo plano canaleta 100x50,Accesorio PVC; mismo fabricante/serie que la canaleta,ud,1.23,0.5,1.84,
CAN-0046,CAN,Canalizaciones,T derivación canaleta 100x50,Accesorio PVC; mismo fabricante/serie que la canaleta,ud,1.79,0.5,2.69,
CAN-0047,CAN,Canalizaciones,Unión canaleta 100x50,Accesorio PVC; mismo fabricante/serie que la canaleta,ud,0.67,0.5,1.01,
CAN-0048,CAN,Canalizaciones,Tapón final canaleta 100x50,Accesorio PVC; mismo fabricante/serie que la canaleta,ud,0.62,0.5,0.93,
CAN-0049,CAN,Canalizaciones,Reducción canaleta 100x50,Accesorio PVC; mismo fabricante/serie que la canaleta,ud,2.13,0.5,3.19,
CAN-0050,CAN,Canalizaciones,Codo interior canaleta 150x60,Accesorio PVC; mismo fabricante/serie que la canaleta,ud,1.23,0.5,1.84,
CAN-0051,CAN,Canalizaciones,Codo exterior canaleta 150x60,Accesorio PVC; mismo fabricante/serie que la canaleta,ud,1.23,0.5,1.84,
CAN-0052,CAN,Canalizaciones,Codo plano canaleta 150x60,Accesorio PVC; mismo fabricante/serie que la canaleta,ud,1.23,0.5,1.84,
CAN-0053,CAN,Canalizaciones,T derivación canaleta 150x60,Accesorio PVC; mismo fabricante/serie que la canaleta,ud,1.79,0.5,2.69,
CAN-0054,CAN,Canalizaciones,Unión canaleta 150x60,Accesorio PVC; mismo fabricante/serie que la canaleta,ud,0.67,0.5,1.01,
CAN-0055,CAN,Canalizaciones,Tapón final canaleta 150x60,Accesorio PVC; mismo fabricante/serie que la canaleta,ud,0.62,0.5,0.93,
CAN-0056,CAN,Canalizaciones,Reducción canaleta 150x60,Accesorio PVC; mismo fabricante/serie que la canaleta,ud,2.13,0.5,3.19,
CAN-0057,CAN,Canalizaciones,Tubo ICTA corrugado Ø16 mm,Para canalización de datos/voz; por metro,m,0.45,0.45,0.65,
CAN-0058,CAN,Canalizaciones,Tubo ICTA corrugado Ø20 mm,Para canalización de datos/voz; por metro,m,0.55,0.45,0.8,
CAN-0059,CAN,Canalizaciones,Tubo ICTA corrugado Ø25 mm,Para canalización de datos/voz; por metro,m,0.75,0.45,1.09,
CAN-0060,CAN,Canalizaciones,Tubo ICTA corrugado Ø32 mm,Para canalización de datos/voz; por metro,m,1.05,0.45,1.52,
CAN-0061,CAN,Canalizaciones,Tubo PVC rígido Ø20 mm,Para canalización de datos/voz; por metro,m,0.95,0.45,1.38,
CAN-0062,CAN,Canalizaciones,Tubo PVC rígido Ø25 mm,Para canalización de datos/voz; por metro,m,1.2,0.45,1.74,
CAN-0063,CAN,Canalizaciones,Tubo PVC rígido Ø32 mm,Para canalización de datos/voz; por metro,m,1.65,0.45,2.39,
CAN-0064,CAN,Canalizaciones,Tubo PVC rígido Ø40 mm,Para canalización de datos/voz; por metro,m,2.45,0.45,3.55,
CAN-0065,CAN,Canalizaciones,Bandeja portacables rejilla 50 mm (3 m),Acero galvanizado; incluye uniones básicas,ud,12.0,0.35,16.2,
CAN-0066,CAN,Canalizaciones,Bandeja portacables rejilla 100 mm (3 m),Acero galvanizado; incluye uniones básicas,ud,15.0,0.35,20.25,
CAN-0067,CAN,Canalizaciones,Bandeja portacables rejilla 150 mm (3 m),Acero galvanizado; incluye uniones básicas,ud,18.0,0.35,24.3,
CAN-0068,CAN,Canalizaciones,Bandeja portacables rejilla 200 mm (3 m),Acero galvanizado; incluye uniones básicas,ud,21.0,0.35,28.35,
CAN-0069,CAN,Canalizaciones,Bandeja portacables rejilla 300 mm (3 m),Acero galvanizado; incluye uniones básicas,ud,27.0,0.35,36.45,
CAN-0070,CAN,Canalizaciones,Bandeja portacables ciega 50 mm (3 m),Acero galvanizado; incluye uniones básicas,ud,13.8,0.35,18.63,
CAN-0071,CAN,Canalizaciones,Bandeja portacables ciega 100 mm (3 m),Acero galvanizado; incluye uniones básicas,ud,17.25,0.35,23.29,
CAN-0072,CAN,Canalizaciones,Bandeja portacables ciega 150 mm (3 m),Acero galvanizado; incluye uniones básicas,ud,20.7,0.35,27.95,
CAN-0073,CAN,Canalizaciones,Bandeja portacables ciega 200 mm (3 m),Acero galvanizado; incluye uniones básicas,ud,24.15,0.35,32.6,
CAN-0074,CAN,Canalizaciones,Bandeja portacables ciega 300 mm (3 m),Acero galvanizado; incluye uniones básicas,ud,31.05,0.35,41.92,
CAN-0075,CAN,Canalizaciones,Bandeja portacables escalera 50 mm (3 m),Acero galvanizado; incluye uniones básicas,ud,15.0,0.35,20.25,
CAN-0076,CAN,Canalizaciones,Bandeja portacables escalera 100 mm (3 m),Acero galvanizado; incluye uniones básicas,ud,18.75,0.35,25.31,
CAN-0077,CAN,Canalizaciones,Bandeja portacables escalera 150 mm (3 m),Acero galvanizado; incluye uniones básicas,ud,22.5,0.35,30.38,
CAN-0078,CAN,Canalizaciones,Bandeja portacables escalera 200 mm (3 m),Acero galvanizado; incluye uniones básicas,ud,26.25,0.35,35.44,
CAN-0079,CAN,Canalizaciones,Bandeja portacables escalera 300 mm (3 m),Acero galvanizado; incluye uniones básicas,ud,33.75,0.35,45.56,
CAN-0080,CAN,Canalizaciones,Bridas nylon 200 mm (bolsa 100),Consumible instalación,bolsa,2.2,0.55,3.41,
CAN-0081,CAN,Canalizaciones,Bridas nylon 300 mm (bolsa 100),Consumible instalación,bolsa,3.2,0.55,4.96,
CAN-0082,CAN,Canalizaciones,Velcro organizador 20 mm (rollo 5 m),Consumible instalación,rollo,5.8,0.55,8.99,
CAN-0083,CAN,Canalizaciones,Velcro organizador 20 mm (rollo 25 m),Consumible instalación,rollo,18.0,0.55,27.9,
CAN-0084,CAN,Canalizaciones,Taco+brida (bolsa 100),Consumible instalación,bolsa,4.5,0.55,6.98,
CAN-0085,CAN,Canalizaciones,Pasacables guía acero 5 m,Consumible instalación,ud,9.5,0.55,14.72,
CAN-0086,CAN,Canalizaciones,Cinta aislante (rollo),Consumible instalación,ud,1.2,0.55,1.86,
CAN-0087,CAN,Canalizaciones,Tubo termorretráctil (kit),Consumible instalación,ud,6.9,0.55,10.7,
CAN-0088,CAN,Canalizaciones,Etiquetas para patch panel (hoja A4),Material etiquetado/documentación,ud,1.2,0.55,1.86,
CAN-0089,CAN,Canalizaciones,Etiquetas para cables (hoja A4),Material etiquetado/documentación,ud,1.2,0.55,1.86,
CAN-0090,CAN,Canalizaciones,Portaetiquetas rack 1U,Material etiquetado/documentación,ud,4.2,0.55,6.51,
CAN-0091,CAN,Canalizaciones,Cinta Dymo compatible 12 mm (negro/blanco),Material etiquetado/documentación,ud,7.5,0.55,11.62,
CAN-0092,CAN,Canalizaciones,Cinta Dymo compatible 9 mm (negro/blanco),Material etiquetado/documentación,ud,6.5,0.55,10.08,
CON-0001,CON,Conectividad,Keystone RJ45 Cat5e UTP,"IDC 110, compatible placas estándar",ud,1.1,0.55,1.71,
CON-0002,CON,Conectividad,Keystone RJ45 Cat5e FTP,"IDC 110, compatible placas estándar",ud,1.85,0.55,2.87,
CON-0003,CON,Conectividad,Keystone RJ45 Cat6 UTP,"IDC 110, compatible placas estándar",ud,1.21,0.55,1.88,
CON-0004,CON,Conectividad,Keystone RJ45 Cat6 FTP,"IDC 110, compatible placas estándar",ud,2.04,0.55,3.16,
CON-0005,CON,Conectividad,Keystone RJ45 Cat6A UTP,"IDC 110, compatible placas estándar",ud,1.49,0.55,2.31,
CON-0006,CON,Conectividad,Keystone RJ45 Cat6A FTP,"IDC 110, compatible placas estándar",ud,2.5,0.55,3.88,
CON-0007,CON,Conectividad,Placa empotrable 1x keystone,"Marco + bastidor, blanco",ud,1.75,0.55,2.71,
CON-0008,CON,Conectividad,Caja superficie 1x keystone,Caja superficie con tapa,ud,2.65,0.55,4.11,
CON-0009,CON,Conectividad,Módulo canaleta 1x keystone (45x45),"Mecanismo para canaleta, serie 45 mm",ud,3.15,0.55,4.88,
CON-0010,CON,Conectividad,Placa empotrable 2x keystone,"Marco + bastidor, blanco",ud,2.4,0.55,3.72,
CON-0011,CON,Conectividad,Caja superficie 2x keystone,Caja superficie con tapa,ud,3.5,0.55,5.42,
CON-0012,CON,Conectividad,Módulo canaleta 2x keystone (45x45),"Mecanismo para canaleta, serie 45 mm",ud,4.1,0.55,6.35,
CON-0013,CON,Conectividad,Placa empotrable 4x keystone,"Marco + bastidor, blanco",ud,3.7,0.55,5.74,
CON-0014,CON,Conectividad,Caja superficie 4x keystone,Caja superficie con tapa,ud,5.2,0.55,8.06,
CON-0015,CON,Conectividad,Módulo canaleta 4x keystone (45x45),"Mecanismo para canaleta, serie 45 mm",ud,6.0,0.55,9.3,
CON-0016,CON,Conectividad,Conector RJ45 Cat5e UTP,8P8C para crimpado,ud,0.12,0.65,0.2,
CON-0017,CON,Conectividad,Conector RJ45 Cat5e FTP,8P8C para crimpado,ud,0.22,0.65,0.36,
CON-0018,CON,Conectividad,Conector RJ45 Cat6 UTP,8P8C para crimpado,ud,0.13,0.65,0.21,
CON-0019,CON,Conectividad,Conector RJ45 Cat6 FTP,8P8C para crimpado,ud,0.24,0.65,0.4,
CON-0020,CON,Conectividad,Conector RJ45 Cat6A UTP,8P8C para crimpado,ud,0.16,0.65,0.26,
CON-0021,CON,Conectividad,Conector RJ45 Cat6A FTP,8P8C para crimpado,ud,0.3,0.65,0.49,
CON-0022,CON,Conectividad,"Patch panel 19"" 12 puertos Cat6","1U, IDC 110, estándar, incluye toma tierra si aplica",ud,28.6,0.35,38.61,
CON-0023,CON,Conectividad,"Patch panel 19"" 24 puertos Cat6","1U, IDC 110, estándar, incluye toma tierra si aplica",ud,35.2,0.35,47.52,
CON-0024,CON,Conectividad,"Patch panel 19"" 48 puertos Cat6","2U, IDC 110, estándar, incluye toma tierra si aplica",ud,48.4,0.35,65.34,
CON-0025,CON,Conectividad,"Patch panel 19"" 12 puertos Cat6A","1U, IDC 110, blindado, incluye toma tierra si aplica",ud,45.76,0.35,61.78,
CON-0026,CON,Conectividad,"Patch panel 19"" 24 puertos Cat6A","1U, IDC 110, blindado, incluye toma tierra si aplica",ud,56.32,0.35,76.03,
CON-0027,CON,Conectividad,"Patch panel 19"" 48 puertos Cat6A","2U, IDC 110, blindado, incluye toma tierra si aplica",ud,77.44,0.35,104.54,
CON-0028,CON,Conectividad,"Panel 19"" vacío 12 keystone",Incluye tornillería y guía trasera,ud,14.16,0.4,19.82,
CON-0029,CON,Conectividad,"Panel 19"" vacío 24 keystone",Incluye tornillería y guía trasera,ud,16.32,0.4,22.85,
CON-0030,CON,Conectividad,"Panel 19"" vacío 48 keystone",Incluye tornillería y guía trasera,ud,20.64,0.4,28.9,
CON-0031,CON,Conectividad,"Guía-cables horizontal 19"" 1U (anillas)","Gestión de cableado en rack 19""",ud,6.5,0.45,9.42,
CON-0032,CON,Conectividad,"Guía-cables horizontal 19"" 2U (anillas)","Gestión de cableado en rack 19""",ud,9.0,0.45,13.05,
CON-0033,CON,Conectividad,"Guía-cables 19"" 1U (cepillo)","Gestión de cableado en rack 19""",ud,9.8,0.45,14.21,
CON-0034,CON,Conectividad,"Panel ciego 19"" 1U","Gestión de cableado en rack 19""",ud,3.2,0.45,4.64,
CON-0035,CON,Conectividad,"Panel ciego 19"" 2U","Gestión de cableado en rack 19""",ud,4.8,0.45,6.96,
CON-0036,CON,Conectividad,"Bandeja FO 19"" 1U hasta 12F",ODF con prensaestopas y bandeja empalme,ud,45.2,0.45,65.54,
CON-0037,CON,Conectividad,"Bandeja FO 19"" 1U hasta 24F",ODF con prensaestopas y bandeja empalme,ud,58.4,0.45,84.68,
CON-0038,CON,Conectividad,"Bandeja FO 19"" 1U hasta 48F",ODF con prensaestopas y bandeja empalme,ud,84.8,0.45,122.96,
CON-0039,CON,Conectividad,Adaptador FO Adaptador LC dúplex,Acoplador para panel/bandeja FO,ud,2.1,0.55,3.26,
CON-0040,CON,Conectividad,Adaptador FO Adaptador SC dúplex,Acoplador para panel/bandeja FO,ud,2.4,0.55,3.72,
CON-0041,CON,Conectividad,Adaptador FO Acoplador ST,Acoplador para panel/bandeja FO,ud,2.6,0.55,4.03,
CON-0042,CON,Conectividad,Pigtail FO OS2 LC 1 m,Pigtail para empalme; conector UPC,ud,2.45,0.55,3.8,
CON-0043,CON,Conectividad,Pigtail FO OS2 SC 1 m,Pigtail para empalme; conector UPC,ud,2.7,0.55,4.19,
CON-0044,CON,Conectividad,Pigtail FO OM3 LC 1 m,Pigtail para empalme; conector UPC,ud,2.1,0.55,3.26,
CON-0045,CON,Conectividad,Pigtail FO OM3 SC 1 m,Pigtail para empalme; conector UPC,ud,2.35,0.55,3.64,
CON-0046,CON,Conectividad,Pigtail FO OM4 LC 1 m,Pigtail para empalme; conector UPC,ud,2.1,0.55,3.26,
CON-0047,CON,Conectividad,Pigtail FO OM4 SC 1 m,Pigtail para empalme; conector UPC,ud,2.35,0.55,3.64,
RAC-0001,RAC,Racks y armarios,"Rack suelo 19"" 12U 600x600",Puerta frontal cristal/metal; laterales desmontables; ventilación superior,ud,215.4,0.28,275.71,
RAC-0002,RAC,Racks y armarios,"Rack suelo 19"" 12U 600x800",Puerta frontal cristal/metal; laterales desmontables; ventilación superior,ud,232.63,0.28,297.77,
RAC-0003,RAC,Racks y armarios,"Rack suelo 19"" 12U 600x1000",Puerta frontal cristal/metal; laterales desmontables; ventilación superior,ud,262.79,0.28,336.37,
RAC-0004,RAC,Racks y armarios,"Rack suelo 19"" 18U 600x600",Puerta frontal cristal/metal; laterales desmontables; ventilación superior,ud,240.6,0.28,307.97,
RAC-0005,RAC,Racks y armarios,"Rack suelo 19"" 18U 600x800",Puerta frontal cristal/metal; laterales desmontables; ventilación superior,ud,259.85,0.28,332.61,
RAC-0006,RAC,Racks y armarios,"Rack suelo 19"" 18U 600x1000",Puerta frontal cristal/metal; laterales desmontables; ventilación superior,ud,293.53,0.28,375.72,
RAC-0007,RAC,Racks y armarios,"Rack suelo 19"" 24U 600x600",Puerta frontal cristal/metal; laterales desmontables; ventilación superior,ud,265.8,0.28,340.22,
RAC-0008,RAC,Racks y armarios,"Rack suelo 19"" 24U 600x800",Puerta frontal cristal/metal; laterales desmontables; ventilación superior,ud,287.06,0.28,367.44,
RAC-0009,RAC,Racks y armarios,"Rack suelo 19"" 24U 600x1000",Puerta frontal cristal/metal; laterales desmontables; ventilación superior,ud,324.28,0.28,415.08,
RAC-0010,RAC,Racks y armarios,"Rack suelo 19"" 32U 600x600",Puerta frontal cristal/metal; laterales desmontables; ventilación superior,ud,299.4,0.28,383.23,
RAC-0011,RAC,Racks y armarios,"Rack suelo 19"" 32U 600x800",Puerta frontal cristal/metal; laterales desmontables; ventilación superior,ud,323.35,0.28,413.89,
RAC-0012,RAC,Racks y armarios,"Rack suelo 19"" 32U 600x1000",Puerta frontal cristal/metal; laterales desmontables; ventilación superior,ud,365.27,0.28,467.55,
RAC-0013,RAC,Racks y armarios,"Rack suelo 19"" 42U 600x600",Puerta frontal cristal/metal; laterales desmontables; ventilación superior,ud,341.4,0.28,436.99,
RAC-0014,RAC,Racks y armarios,"Rack suelo 19"" 42U 600x800",Puerta frontal cristal/metal; laterales desmontables; ventilación superior,ud,368.71,0.28,471.95,
RAC-0015,RAC,Racks y armarios,"Rack suelo 19"" 42U 600x1000",Puerta frontal cristal/metal; laterales desmontables; ventilación superior,ud,416.51,0.28,533.13,
RAC-0016,RAC,Racks y armarios,"Rack mural 19"" 6U 600x450",Puerta frontal; abatible; carga ligera/media,ud,94.2,0.3,122.46,
RAC-0017,RAC,Racks y armarios,"Rack mural 19"" 6U 600x600",Puerta frontal; abatible; carga ligera/media,ud,111.16,0.3,144.51,
RAC-0018,RAC,Racks y armarios,"Rack mural 19"" 9U 600x450",Puerta frontal; abatible; carga ligera/media,ud,103.8,0.3,134.94,
RAC-0019,RAC,Racks y armarios,"Rack mural 19"" 9U 600x600",Puerta frontal; abatible; carga ligera/media,ud,122.48,0.3,159.22,
RAC-0020,RAC,Racks y armarios,"Rack mural 19"" 12U 600x450",Puerta frontal; abatible; carga ligera/media,ud,113.4,0.3,147.42,
RAC-0021,RAC,Racks y armarios,"Rack mural 19"" 12U 600x600",Puerta frontal; abatible; carga ligera/media,ud,133.81,0.3,173.95,
RAC-0022,RAC,Racks y armarios,"Rack mural 19"" 15U 600x450",Puerta frontal; abatible; carga ligera/media,ud,123.0,0.3,159.9,
RAC-0023,RAC,Racks y armarios,"Rack mural 19"" 15U 600x600",Puerta frontal; abatible; carga ligera/media,ud,145.14,0.3,188.68,
RAC-0024,RAC,Racks y armarios,"Rack mural 19"" 18U 600x450",Puerta frontal; abatible; carga ligera/media,ud,132.6,0.3,172.38,
RAC-0025,RAC,Racks y armarios,"Rack mural 19"" 18U 600x600",Puerta frontal; abatible; carga ligera/media,ud,156.47,0.3,203.41,
RAC-0026,RAC,Racks y armarios,"Bastidor abierto 19"" 42U (2 postes)",Estructura open-frame para CPD/aula técnica,ud,185.0,0.28,236.8,
RAC-0027,RAC,Racks y armarios,"Bandeja fija 19"" 1U (350 mm)","Accesorio estándar rack 19""",ud,16.0,0.4,22.4,
RAC-0028,RAC,Racks y armarios,"Bandeja fija 19"" 1U (450 mm)","Accesorio estándar rack 19""",ud,18.0,0.4,25.2,
RAC-0029,RAC,Racks y armarios,"Bandeja fija 19"" 2U (450 mm)","Accesorio estándar rack 19""",ud,25.0,0.4,35.0,
RAC-0030,RAC,Racks y armarios,"Bandeja deslizante 19"" 2U","Accesorio estándar rack 19""",ud,55.0,0.4,77.0,
RAC-0031,RAC,Racks y armarios,"Cajón rack 19"" 2U","Accesorio estándar rack 19""",ud,58.0,0.4,81.2,
RAC-0032,RAC,Racks y armarios,"Kit ventilación 19"" 1U (2 ventiladores)","Accesorio estándar rack 19""",ud,32.0,0.4,44.8,
RAC-0033,RAC,Racks y armarios,"Kit ventilación 19"" 2U (4 ventiladores)","Accesorio estándar rack 19""",ud,48.0,0.4,67.2,
RAC-0034,RAC,Racks y armarios,Juego ruedas rack suelo (4 uds),"Accesorio estándar rack 19""",ud,24.0,0.4,33.6,
RAC-0035,RAC,Racks y armarios,Panel toma tierra rack,"Accesorio estándar rack 19""",ud,12.0,0.4,16.8,
RAC-0036,RAC,Racks y armarios,Juego 20 tornillos + cage nuts M6,"Accesorio estándar rack 19""",ud,6.5,0.4,9.1,
RAC-0037,RAC,Racks y armarios,PDU vertical 0U 12 Schuko,"Accesorio estándar rack 19""",ud,38.0,0.4,53.2,
RAC-0038,RAC,Racks y armarios,Sensor temperatura rack (básico),"Accesorio estándar rack 19""",ud,18.0,0.4,25.2,
ENE-0001,ENE,Energia,"PDU 19"" 1U 6 Schuko",Regleta rack; interruptor; cable 2 m,ud,14.0,0.35,18.9,
ENE-0002,ENE,Energia,"PDU 19"" 1U 8 Schuko",Regleta rack; interruptor; cable 2 m,ud,18.0,0.35,24.3,
ENE-0003,ENE,Energia,"PDU 19"" 1U 10 Schuko",Regleta rack; interruptor; cable 2 m,ud,24.0,0.35,32.4,
ENE-0004,ENE,Energia,"PDU 19"" 1U 12 Schuko",Regleta rack; interruptor; cable 2 m,ud,28.0,0.35,37.8,
ENE-0005,ENE,Energia,"PDU 19"" 1U 8 Schuko con medidor",Display V/A/W; protección; cable 2 m,ud,55.0,0.3,71.5,
ENE-0006,ENE,Energia,SAI Line-Interactive 650 VA,USB; AVR; tomas Schuko; batería sustituible,ud,55.0,0.25,68.75,
ENE-0007,ENE,Energia,SAI Line-Interactive 900 VA,USB; AVR; tomas Schuko; batería sustituible,ud,75.0,0.25,93.75,
ENE-0008,ENE,Energia,SAI Line-Interactive 1200 VA,USB; AVR; tomas Schuko; batería sustituible,ud,110.0,0.25,137.5,
ENE-0009,ENE,Energia,SAI Line-Interactive 1500 VA,USB; AVR; tomas Schuko; batería sustituible,ud,150.0,0.25,187.5,
ENE-0010,ENE,Energia,SAI Line-Interactive 2000 VA,USB; AVR; tomas Schuko; batería sustituible,ud,220.0,0.25,275.0,
ENE-0011,ENE,Energia,SAI Online 2 kVA,Doble conversión; torre; gestión SNMP opcional,ud,520.0,0.22,634.4,
ENE-0012,ENE,Energia,SAI Online 3 kVA,Doble conversión; torre; gestión SNMP opcional,ud,690.0,0.22,841.8,
ENE-0013,ENE,Energia,SAI Online 5 kVA,Doble conversión; torre; gestión SNMP opcional,ud,980.0,0.22,1195.6,
ENE-0014,ENE,Energia,Inyector PoE 15 W,802.3af/at/bt según modelo,ud,10.0,0.35,13.5,
ENE-0015,ENE,Energia,Inyector PoE 30 W,802.3af/at/bt según modelo,ud,18.0,0.35,24.3,
ENE-0016,ENE,Energia,Inyector PoE 60 W,802.3af/at/bt según modelo,ud,32.0,0.35,43.2,
ENE-0017,ENE,Energia,Inyector PoE 90 W,802.3af/at/bt según modelo,ud,58.0,0.35,78.3,
ENE-0018,ENE,Energia,Protector sobretensiones RJ45,Descargador para línea Ethernet; tierra,ud,8.5,0.45,12.32,
ENE-0019,ENE,Energia,Protector sobretensiones 230V (enchufe),Protección básica para electrónica,ud,12.0,0.45,17.4,
NET-0001,NET,Dispositivos de red,Switch Gigabit no gestionado 5 puertos,Fanless según modelo; carcasa metal,ud,12.0,0.2,14.4,
NET-0002,NET,Dispositivos de red,Switch Gigabit no gestionado 8 puertos,Fanless según modelo; carcasa metal,ud,18.0,0.2,21.6,
NET-0003,NET,Dispositivos de red,Switch Gigabit no gestionado 16 puertos,Fanless según modelo; carcasa metal,ud,35.0,0.2,42.0,
NET-0004,NET,Dispositivos de red,Switch Gigabit no gestionado 24 puertos,Fanless según modelo; carcasa metal,ud,62.0,0.2,74.4,
NET-0005,NET,Dispositivos de red,Switch Gigabit no gestionado 48 puertos,Fanless según modelo; carcasa metal,ud,120.0,0.2,144.0,
NET-0006,NET,Dispositivos de red,Switch gestionado L2 8p sin SFP,"VLAN, STP, QoS, SNMP",ud,55.0,0.22,67.1,
NET-0007,NET,Dispositivos de red,Switch gestionado L2 8p 2xSFP,"VLAN, STP, QoS, SNMP",ud,64.9,0.22,79.18,
NET-0008,NET,Dispositivos de red,Switch gestionado L2 8p 4xSFP,"VLAN, STP, QoS, SNMP",ud,74.25,0.22,90.58,
NET-0009,NET,Dispositivos de red,Switch gestionado L2 16p sin SFP,"VLAN, STP, QoS, SNMP",ud,110.0,0.22,134.2,
NET-0010,NET,Dispositivos de red,Switch gestionado L2 16p 2xSFP,"VLAN, STP, QoS, SNMP",ud,129.8,0.22,158.36,
NET-0011,NET,Dispositivos de red,Switch gestionado L2 16p 4xSFP,"VLAN, STP, QoS, SNMP",ud,148.5,0.22,181.17,
NET-0012,NET,Dispositivos de red,Switch gestionado L2 24p sin SFP,"VLAN, STP, QoS, SNMP",ud,180.0,0.22,219.6,
NET-0013,NET,Dispositivos de red,Switch gestionado L2 24p 2xSFP,"VLAN, STP, QoS, SNMP",ud,212.4,0.22,259.13,
NET-0014,NET,Dispositivos de red,Switch gestionado L2 24p 4xSFP,"VLAN, STP, QoS, SNMP",ud,243.0,0.22,296.46,
NET-0015,NET,Dispositivos de red,Switch gestionado L2 48p sin SFP,"VLAN, STP, QoS, SNMP",ud,320.0,0.22,390.4,
NET-0016,NET,Dispositivos de red,Switch gestionado L2 48p 2xSFP,"VLAN, STP, QoS, SNMP",ud,377.6,0.22,460.67,
NET-0017,NET,Dispositivos de red,Switch gestionado L2 48p 4xSFP,"VLAN, STP, QoS, SNMP",ud,432.0,0.22,527.04,
NET-0018,NET,Dispositivos de red,Switch PoE+ gestionado 8 puertos,Budget PoE ~120 W; 802.3at,ud,120.0,0.22,146.4,
NET-0019,NET,Dispositivos de red,Switch PoE+ gestionado 16 puertos,Budget PoE ~250 W; 802.3at,ud,240.0,0.22,292.8,
NET-0020,NET,Dispositivos de red,Switch PoE+ gestionado 24 puertos,Budget PoE ~370 W; 802.3at,ud,360.0,0.22,439.2,
NET-0021,NET,Dispositivos de red,Switch PoE+ gestionado 48 puertos,Budget PoE ~740 W; 802.3at,ud,690.0,0.22,841.8,
NET-0022,NET,Dispositivos de red,Router SOHO Gigabit,"Acceso Internet, VPN, políticas básicas",ud,65.0,0.25,81.25,
NET-0023,NET,Dispositivos de red,"Router profesional (VPN, VLAN, QoS)","Acceso Internet, VPN, políticas básicas",ud,180.0,0.25,225.0,
NET-0024,NET,Dispositivos de red,Firewall appliance (UTM básico),"Acceso Internet, VPN, políticas básicas",ud,260.0,0.25,325.0,
NET-0025,NET,Dispositivos de red,Firewall appliance (UTM avanzado),"Acceso Internet, VPN, políticas básicas",ud,520.0,0.25,650.0,
NET-0026,NET,Dispositivos de red,Punto de acceso WiFi 6 interior,Gestión según ecosistema; roaming,ud,105.0,0.25,131.25,
NET-0027,NET,Dispositivos de red,Punto de acceso WiFi 6 PoE (techo),Gestión según ecosistema; roaming,ud,135.0,0.25,168.75,
NET-0028,NET,Dispositivos de red,Punto de acceso WiFi 6E PoE,Gestión según ecosistema; roaming,ud,185.0,0.25,231.25,
NET-0029,NET,Dispositivos de red,Controlador WiFi (software/hardware),Gestión según ecosistema; roaming,ud,95.0,0.25,118.75,
NET-0030,NET,Dispositivos de red,Kit WiFi Mesh 2 nodos (WiFi 6),Gestión según ecosistema; roaming,ud,160.0,0.25,200.0,
NET-0031,NET,Dispositivos de red,Kit WiFi Mesh 3 nodos (WiFi 6),Gestión según ecosistema; roaming,ud,230.0,0.25,287.5,
NET-0032,NET,Dispositivos de red,"SFP 1G SX (MM, 850nm, LC)",Módulo óptico / DAC,ud,18.0,0.3,23.4,
NET-0033,NET,Dispositivos de red,"SFP 1G LX (SM, 1310nm, LC)",Módulo óptico / DAC,ud,22.0,0.3,28.6,
NET-0034,NET,Dispositivos de red,"SFP+ 10G SR (MM, 850nm, LC)",Módulo óptico / DAC,ud,32.0,0.3,41.6,
NET-0035,NET,Dispositivos de red,"SFP+ 10G LR (SM, 1310nm, LC)",Módulo óptico / DAC,ud,48.0,0.3,62.4,
NET-0036,NET,Dispositivos de red,DAC 10G SFP+ 1 m,Módulo óptico / DAC,ud,18.0,0.3,23.4,
NET-0037,NET,Dispositivos de red,DAC 10G SFP+ 3 m,Módulo óptico / DAC,ud,28.0,0.3,36.4,
NET-0038,NET,Dispositivos de red,Teléfono IP básico PoE,VoIP SIP,ud,38.0,0.28,48.64,
NET-0039,NET,Dispositivos de red,Teléfono IP gama media PoE (pantalla color),VoIP SIP,ud,75.0,0.28,96.0,
NET-0040,NET,Dispositivos de red,"Teléfono IP gama alta PoE (BLF, 2xGbE)",VoIP SIP,ud,135.0,0.28,172.8,
NET-0041,NET,Dispositivos de red,Centralita IP (Asterisk appliance),VoIP SIP,ud,260.0,0.28,332.8,
NET-0042,NET,Dispositivos de red,Gateway VoIP FXO/FXS (2 puertos),VoIP SIP,ud,110.0,0.28,140.8,
NET-0043,NET,Dispositivos de red,"KVM rack 19"" 8 puertos",Gestión local de servidores/rack,ud,145.0,0.22,176.9,
NET-0044,NET,Dispositivos de red,"KVM rack 19"" 16 puertos",Gestión local de servidores/rack,ud,235.0,0.22,286.7,
NET-0045,NET,Dispositivos de red,"Consola LCD rack 19"" 17"" (cajón)",Gestión local de servidores/rack,ud,520.0,0.22,634.4,
NET-0046,NET,Dispositivos de red,"Servidor rack 1U (32GB, 2xSSD)",Equipo orientativo para presupuestos educativos,ud,1250.0,0.18,1475.0,
NET-0047,NET,Dispositivos de red,"Servidor rack 2U (64GB, 4xSSD)",Equipo orientativo para presupuestos educativos,ud,1850.0,0.18,2183.0,
NET-0048,NET,Dispositivos de red,"Servidor rack 2U (128GB, 8xSSD)",Equipo orientativo para presupuestos educativos,ud,2950.0,0.18,3481.0,
NET-0049,NET,Dispositivos de red,NAS rack 1U (4 bahías),Equipo orientativo para presupuestos educativos,ud,520.0,0.18,613.6,
NET-0050,NET,Dispositivos de red,NAS rack 2U (8 bahías),Equipo orientativo para presupuestos educativos,ud,980.0,0.18,1156.4,
SRV-0001,SRV,Servicios,Mano de obra técnica instalación (por hora),Servicio para presupuestos,h,25.0,0.6,40.0,
SRV-0002,SRV,Servicios,Mano de obra técnica configuración (por hora),Servicio para presupuestos,h,30.0,0.6,48.0,
SRV-0003,SRV,Servicios,Certificación punto de red (por punto),Servicio para presupuestos,ud,6.0,0.7,10.2,
SRV-0004,SRV,Servicios,"Montaje y ordenado rack 19"" (hasta 24U)",Servicio para presupuestos,ud,120.0,0.55,186.0,
SRV-0005,SRV,Servicios,Documentación y etiquetado (por punto),Servicio para presupuestos,ud,1.5,0.7,2.55,
SRV-0006,SRV,Servicios,Site survey WiFi básico,Servicio para presupuestos,ud,85.0,0.55,131.75,
SRV-0007,SRV,Servicios,Desplazamiento (por visita),Servicio para presupuestos,ud,18.0,0.65,29.7,
SRV-0008,SRV,Servicios,Mantenimiento preventivo (mensual),Servicio para presupuestos,mes,35.0,0.55,54.25,
